lat,long,addr,place_id,licence,osm_type,osm_id,osm_lat,osm_lon,class,type,place_rank,importance,addresstype,name,county,state,ISO3166-2-lvl4,country,country_code,boundingbox,road,town,hamlet,postcode,suburb,village,house_number,city,residential,isolated_dwelling,amenity,neighbourhood,landuse,military,natural,leisure,municipality,industrial,tourism,quarter
48.8878,-118.2105,"Stevens County, Washington, United States",31464772,"Data © OpenStreetMap contributors, ODbL 1.0. http://osm.org/copyright",way,6211689,48.8855997,-118.2102282,highway,residential,26,0.10000999999999993,road,,Stevens County,Washington,US-WA,United States,us,,NA,NA,NA,NA,NA,NA,NA,NA,NA,NA,NA,NA,NA,NA,NA,NA,NA,NA,NA,NA
42.1808,-112.262,"State Highway 38, Malad City, Oneida County, Idaho, United States",314862087,"Data © OpenStreetMap contributors, ODbL 1.0. http://osm.org/copyright",way,13898281,42.17844166468379,-112.26078095710706,highway,secondary,26,0.10000999999999993,road,State Highway 38,Oneida County,Idaho,US-ID,United States,us,,State Highway 38,Malad City,NA,NA,NA,NA,NA,NA,NA,NA,NA,NA,NA,NA,NA,NA,NA,NA,NA,NA
41.6125,-122.5258,"Siskiyou Boulevard, Grenada, Siskiyou County, California, 96038, United States",312262379,"Data © OpenStreetMap contributors, ODbL 1.0. http://osm.org/copyright",way,10657040,41.61232289347712,-122.52299055680153,highway,unclassified,26,0.10000999999999993,road,Siskiyou Boulevard,Siskiyou County,California,US-CA,United States,us,,Siskiyou Boulevard,NA,Grenada,96038,NA,NA,NA,NA,NA,NA,NA,NA,NA,NA,NA,NA,NA,NA,NA,NA
32.9396,-105.8189,"Camino Alto, Otero County, New Mexico, 88325, United States",319124392,"Data © OpenStreetMap contributors, ODbL 1.0. http://osm.org/copyright",way,914213803,32.93798324489321,-105.81915106237268,highway,residential,26,0.10000999999999993,road,Camino Alto,Otero County,New Mexico,US-NM,United States,us,,Camino Alto,NA,NA,88325,NA,NA,NA,NA,NA,NA,NA,NA,NA,NA,NA,NA,NA,NA,NA,NA
43.0172,-111.0292,"Lincoln County, Wyoming, 83118, United States",315856740,"Data © OpenStreetMap contributors, ODbL 1.0. http://osm.org/copyright",way,966121512,43.0139562,-111.0323395,highway,residential,26,0.10000999999999993,road,,Lincoln County,Wyoming,US-WY,United States,us,,NA,NA,NA,83118,NA,NA,NA,NA,NA,NA,NA,NA,NA,NA,NA,NA,NA,NA,NA,NA
20.0827,-155.488,"Honokaa-Waipio Road, Haina, Honoka'a, Hawaiʻi County, Hawaii, 96727, United States",32864885,"Data © OpenStreetMap contributors, ODbL 1.0. http://osm.org/copyright",way,232501049,20.084152797956868,-155.4883671906924,highway,secondary,26,0.10000999999999993,road,Honokaa-Waipio Road,Hawaiʻi County,Hawaii,US-HI,United States,us,,Honokaa-Waipio Road,NA,NA,96727,Haina,Honoka'a,NA,NA,NA,NA,NA,NA,NA,NA,NA,NA,NA,NA,NA,NA
42.8062,-100.6215,"Cherry County, Nebraska, United States",316355555,"Data © OpenStreetMap contributors, ODbL 1.0. http://osm.org/copyright",relation,1425403,42.5560174,-101.1503042,boundary,administrative,12,0.4930186995790927,county,Cherry County,Cherry County,Nebraska,US-NE,United States,us,,NA,NA,NA,NA,NA,NA,NA,NA,NA,NA,NA,NA,NA,NA,NA,NA,NA,NA,NA,NA
43.7575,-122.481,"47744, Westoak Road, Westfir, Oakridge, Lane County, Oregon, 97492, United States",336737631,"Data © OpenStreetMap contributors, ODbL 1.0. http://osm.org/copyright",way,199484610,43.757533987235476,-122.48103941048034,place,house,30,9.999999994736442e-8,place,,Lane County,Oregon,US-OR,United States,us,,Westoak Road,NA,Westfir,97492,NA,Oakridge,47744,NA,NA,NA,NA,NA,NA,NA,NA,NA,NA,NA,NA,NA
38.9999,-109.615,"Grand County, Utah, United States",317707502,"Data © OpenStreetMap contributors, ODbL 1.0. http://osm.org/copyright",relation,445606,38.9634637,-109.6619899,boundary,administrative,12,0.4630879291315852,county,Grand County,Grand County,Utah,US-UT,United States,us,,NA,NA,NA,NA,NA,NA,NA,NA,NA,NA,NA,NA,NA,NA,NA,NA,NA,NA,NA,NA
48.34,-122.3456,"18520, Main Street, Conway, Mount Vernon, Skagit County, Washington, 98273, United States",31573351,"Data © OpenStreetMap contributors, ODbL 1.0. http://osm.org/copyright",way,1065382257,48.34026605,-122.34555012475116,building,yes,30,9.99999999995449e-6,building,,Skagit County,Washington,US-WA,United States,us,,Main Street,Mount Vernon,Conway,98273,NA,NA,18520,NA,NA,NA,NA,NA,NA,NA,NA,NA,NA,NA,NA,NA
45.8289,-118.4971,"Waterman Road, Athena, Umatilla County, Oregon, 97813, United States",314600542,"Data © OpenStreetMap contributors, ODbL 1.0. http://osm.org/copyright",way,5704833,45.8273130001016,-118.49948486815362,highway,residential,26,0.10000999999999993,road,Waterman Road,Umatilla County,Oregon,US-OR,United States,us,,Waterman Road,NA,NA,97813,NA,Athena,NA,NA,NA,NA,NA,NA,NA,NA,NA,NA,NA,NA,NA,NA
37.3304,-121.7913,"3157, Norwood Avenue, San Jose, Santa Clara County, California, 95148, United States",310855820,"Data © OpenStreetMap contributors, ODbL 1.0. http://osm.org/copyright",way,755596370,37.33034055,-121.79120571911608,building,detached,30,9.99999999995449e-6,building,,Santa Clara County,California,US-CA,United States,us,,Norwood Avenue,NA,NA,95148,NA,NA,3157,San Jose,NA,NA,NA,NA,NA,NA,NA,NA,NA,NA,NA,NA
41.0233,-98.9041,"Railway Street, Ravenna, Buffalo County, Nebraska, 68869, United States",316434164,"Data © OpenStreetMap contributors, ODbL 1.0. http://osm.org/copyright",way,690915981,41.02443990534906,-98.90416268867226,highway,residential,26,0.10000999999999993,road,Railway Street,Buffalo County,Nebraska,US-NE,United States,us,,Railway Street,Ravenna,NA,68869,NA,NA,NA,NA,NA,NA,NA,NA,NA,NA,NA,NA,NA,NA,NA,NA
35.2563,-111.95,"Purple Heart Trail, Williams City Limits, Coconino County, Arizona, 86002, United States",308878049,"Data © OpenStreetMap contributors, ODbL 1.0. http://osm.org/copyright",way,157598961,35.253274493541866,-111.94935132420625,highway,motorway,26,0.10000999999999993,road,Purple Heart Trail,Coconino County,Arizona,US-AZ,United States,us,,Purple Heart Trail,NA,NA,86002,NA,NA,NA,Williams City Limits,NA,NA,NA,NA,NA,NA,NA,NA,NA,NA,NA,NA
43.0048,-108.8964,"North Fork Road, Fort Washakie, Fremont County, Wyoming, 82514, United States",315803640,"Data © OpenStreetMap contributors, ODbL 1.0. http://osm.org/copyright",way,817685221,43.00533246708724,-108.89337590016036,highway,residential,26,0.10000999999999993,road,North Fork Road,Fremont County,Wyoming,US-WY,United States,us,,North Fork Road,NA,NA,82514,NA,Fort Washakie,NA,NA,NA,NA,NA,NA,NA,NA,NA,NA,NA,NA,NA,NA
39.5994,-105.0044,"6474, South Datura Street, Littleton, Arapahoe County, Colorado, 80120, United States",317369275,"Data © OpenStreetMap contributors, ODbL 1.0. http://osm.org/copyright",way,743165761,39.59935265,-105.00443340578852,building,house,30,9.99999999995449e-6,building,,Arapahoe County,Colorado,US-CO,United States,us,,South Datura Street,Littleton,NA,80120,NA,NA,6474,NA,NA,NA,NA,NA,NA,NA,NA,NA,NA,NA,NA,NA
39.7795,-93.3014,"27666, MO 139, Linn County, Missouri, 64659, United States",346395521,"Data © OpenStreetMap contributors, ODbL 1.0. http://osm.org/copyright",way,41502017,39.77956566349726,-93.30210341873712,place,house,30,9.999999994736442e-8,place,,Linn County,Missouri,US-MO,United States,us,,MO 139,NA,NA,64659,NA,NA,27666,NA,NA,NA,NA,NA,NA,NA,NA,NA,NA,NA,NA,NA
38.5677,-109.5271,"Sand Flats Road, Moab, Grand County, Utah, 84532, United States",317675714,"Data © OpenStreetMap contributors, ODbL 1.0. http://osm.org/copyright",way,10107867,38.56797955603401,-109.52530349538466,highway,tertiary,26,0.10000999999999993,road,Sand Flats Road,Grand County,Utah,US-UT,United States,us,,Sand Flats Road,NA,NA,84532,NA,NA,NA,Moab,NA,NA,NA,NA,NA,NA,NA,NA,NA,NA,NA,NA
33.9143,-118.3493,"4293, West 130th Street, Hawthorne, Los Angeles County, California, 90250, United States",335214980,"Data © OpenStreetMap contributors, ODbL 1.0. http://osm.org/copyright",way,13387595,33.9142942683793,-118.34929471386447,place,house,30,9.999999994736442e-8,place,,Los Angeles County,California,US-CA,United States,us,,West 130th Street,Hawthorne,NA,90250,NA,NA,4293,NA,NA,NA,NA,NA,NA,NA,NA,NA,NA,NA,NA,NA
42.73,-104.7024,"Niobrara County, Wyoming, United States",315792796,"Data © OpenStreetMap contributors, ODbL 1.0. http://osm.org/copyright",relation,289328,43.0087581,-104.4565524,boundary,administrative,12,0.4554746132195676,county,Niobrara County,Niobrara County,Wyoming,US-WY,United States,us,,NA,NA,NA,NA,NA,NA,NA,NA,NA,NA,NA,NA,NA,NA,NA,NA,NA,NA,NA,NA
37.7773,-119.0825,"Gull Lake Trail, June Lake, Mono County, California, 93529, United States",309670797,"Data © OpenStreetMap contributors, ODbL 1.0. http://osm.org/copyright",way,299195002,37.77823549715632,-119.08276227923376,highway,path,27,0.07500999999999991,road,Gull Lake Trail,Mono County,California,US-CA,United States,us,,Gull Lake Trail,NA,NA,93529,NA,June Lake,NA,NA,NA,NA,NA,NA,NA,NA,NA,NA,NA,NA,NA,NA
42.825,-124.4409,"Curry County, Oregon, United States",312429752,"Data © OpenStreetMap contributors, ODbL 1.0. http://osm.org/copyright",relation,1837110,42.4265426,-124.216879,boundary,administrative,12,0.472718160876804,county,Curry County,Curry County,Oregon,US-OR,United States,us,,NA,NA,NA,NA,NA,NA,NA,NA,NA,NA,NA,NA,NA,NA,NA,NA,NA,NA,NA,NA
40.4542,-98.6538,"South Holstein Avenue, Holstein, Adams County, Nebraska, 69850, United States",316405071,"Data © OpenStreetMap contributors, ODbL 1.0. http://osm.org/copyright",way,683580996,40.45421772961802,-98.64813665344693,highway,tertiary,26,0.10000999999999993,road,South Holstein Avenue,Adams County,Nebraska,US-NE,United States,us,,South Holstein Avenue,NA,NA,69850,NA,Holstein,NA,NA,NA,NA,NA,NA,NA,NA,NA,NA,NA,NA,NA,NA
41.4193,-99.3844,"Highway 183, Custer County, Nebraska, 68881, United States",316428042,"Data © OpenStreetMap contributors, ODbL 1.0. http://osm.org/copyright",way,200688307,41.419321666282364,-99.38695228806212,highway,primary,26,0.10000999999999993,road,Highway 183,Custer County,Nebraska,US-NE,United States,us,,Highway 183,NA,NA,68881,NA,NA,NA,NA,NA,NA,NA,NA,NA,NA,NA,NA,NA,NA,NA,NA
38.577,-90.5255,"437, Sorrento Drive, Sorrento, Saint Louis County, Missouri, 63021, United States",322828539,"Data © OpenStreetMap contributors, ODbL 1.0. http://osm.org/copyright",node,6848068374,38.5767746,-90.525432,place,house,30,9.99999999995449e-6,place,,Saint Louis County,Missouri,US-MO,United States,us,,Sorrento Drive,NA,NA,63021,NA,NA,437,NA,Sorrento,NA,NA,NA,NA,NA,NA,NA,NA,NA,NA,NA
40.7268,-124.2174,"286, C Street, Fields Landing, Humboldt County, California, 95537, United States",352711094,"Data © OpenStreetMap contributors, ODbL 1.0. http://osm.org/copyright",way,10275187,40.72684630612245,-124.21739183673469,place,house,30,9.999999994736442e-8,place,,Humboldt County,California,US-CA,United States,us,,C Street,NA,Fields Landing,95537,NA,NA,286,NA,NA,NA,NA,NA,NA,NA,NA,NA,NA,NA,NA,NA
39.4336,-91.0664,"South 30th Street, Elmwood, Louisiana, Pike County, Missouri, 63353, United States",323335375,"Data © OpenStreetMap contributors, ODbL 1.0. http://osm.org/copyright",way,18654502,39.4354828,-91.065346,highway,residential,26,0.10000999999999993,road,South 30th Street,Pike County,Missouri,US-MO,United States,us,,South 30th Street,NA,Elmwood,63353,NA,Louisiana,NA,NA,NA,NA,NA,NA,NA,NA,NA,NA,NA,NA,NA,NA
38.9621,-94.5959,"Wornall Road, Indian Village, Kansas City, Jackson County, Missouri, 64114, United States",322218272,"Data © OpenStreetMap contributors, ODbL 1.0. http://osm.org/copyright",node,9740626143,38.9622341,-94.5958766,man_made,utility_pole,30,9.99999999995449e-6,man_made,,Jackson County,Missouri,US-MO,United States,us,,Wornall Road,NA,Indian Village,64114,NA,NA,NA,Kansas City,NA,NA,NA,NA,NA,NA,NA,NA,NA,NA,NA,NA
44.6255,-116.4493,"2227, Kilborn Lane, Adams County, Idaho, 83643, United States",337754526,"Data © OpenStreetMap contributors, ODbL 1.0. http://osm.org/copyright",way,13688684,44.62596357365647,-116.44932261810197,place,house,30,9.999999994736442e-8,place,,Adams County,Idaho,US-ID,United States,us,,Kilborn Lane,NA,NA,83643,NA,NA,2227,NA,NA,NA,NA,NA,NA,NA,NA,NA,NA,NA,NA,NA
41.0552,-110.1603,"Gregory Lane, Lonetree, Uinta County, Wyoming, 82936, United States",315586112,"Data © OpenStreetMap contributors, ODbL 1.0. http://osm.org/copyright",way,1150801420,41.05169773500886,-110.16029041006041,highway,tertiary,26,0.10000999999999993,road,Gregory Lane,Uinta County,Wyoming,US-WY,United States,us,,Gregory Lane,NA,NA,82936,NA,NA,NA,NA,NA,Lonetree,NA,NA,NA,NA,NA,NA,NA,NA,NA,NA
38.7897,-93.8702,"Northwest 175th Road, Johnson County, Missouri, 64019, United States",322656339,"Data © OpenStreetMap contributors, ODbL 1.0. http://osm.org/copyright",way,18552698,38.79150113421362,-93.87013358073399,highway,unclassified,26,0.10000999999999993,road,Northwest 175th Road,Johnson County,Missouri,US-MO,United States,us,,Northwest 175th Road,NA,NA,64019,NA,NA,NA,NA,NA,NA,NA,NA,NA,NA,NA,NA,NA,NA,NA,NA
38.8881,-104.6556,"Shirley, Colorado Springs, El Paso County, Colorado, 80938, United States",317397870,"Data © OpenStreetMap contributors, ODbL 1.0. http://osm.org/copyright",node,2052419095,38.8956235,-104.6470016,place,hamlet,20,0.27935498215754134,hamlet,Shirley,El Paso County,Colorado,US-CO,United States,us,,NA,NA,Shirley,80938,NA,NA,NA,Colorado Springs,NA,NA,NA,NA,NA,NA,NA,NA,NA,NA,NA,NA
39.8127,-120.6405,"Plumas County, California, 96103, United States",309935775,"Data © OpenStreetMap contributors, ODbL 1.0. http://osm.org/copyright",way,10479135,39.809179,-120.644985,highway,unclassified,26,0.10000999999999993,road,,Plumas County,California,US-CA,United States,us,,NA,NA,NA,96103,NA,NA,NA,NA,NA,NA,NA,NA,NA,NA,NA,NA,NA,NA,NA,NA
36.0434,-90.2907,"401, South Newsome Street, Cardwell, Dunklin County, Missouri, 63829, United States",347958782,"Data © OpenStreetMap contributors, ODbL 1.0. http://osm.org/copyright",way,18457459,36.042805,-90.290489,place,house,30,9.999999994736442e-8,place,,Dunklin County,Missouri,US-MO,United States,us,,South Newsome Street,NA,NA,63829,NA,Cardwell,401,NA,NA,NA,NA,NA,NA,NA,NA,NA,NA,NA,NA,NA
33.5623,-112.0559,"1214, East Orchid Lane, Phoenix, Maricopa County, Arizona, 85020, United States",308504487,"Data © OpenStreetMap contributors, ODbL 1.0. http://osm.org/copyright",way,1002395343,33.5622016,-112.05592900888409,building,house,30,9.99999999995449e-6,building,,Maricopa County,Arizona,US-AZ,United States,us,,East Orchid Lane,NA,NA,85020,NA,NA,1214,Phoenix,NA,NA,NA,NA,NA,NA,NA,NA,NA,NA,NA,NA
34.3795,-118.523,"22254, 6th Street, Newhall, Santa Clarita, Los Angeles County, California, 91321, United States",334894032,"Data © OpenStreetMap contributors, ODbL 1.0. http://osm.org/copyright",way,13443186,34.37938378148337,-118.52315234959791,place,house,30,9.999999994736442e-8,place,,Los Angeles County,California,US-CA,United States,us,,6th Street,NA,NA,91321,Newhall,NA,22254,Santa Clarita,NA,NA,NA,NA,NA,NA,NA,NA,NA,NA,NA,NA
38.2427,-122.9145,"Marin County Fire Department: Tomales Station, Dillon Beach Road, Tomales, Marin County, California, 94971, United States",373598490,"Data © OpenStreetMap contributors, ODbL 1.0. http://osm.org/copyright",way,1223090233,38.246209750000006,-122.91021480234689,amenity,fire_station,30,9.99999999995449e-6,amenity,Marin County Fire Department: Tomales Station,Marin County,California,US-CA,United States,us,,Dillon Beach Road,NA,Tomales,94971,NA,NA,NA,NA,NA,NA,Marin County Fire Department: Tomales Station,NA,NA,NA,NA,NA,NA,NA,NA,NA
37.3272,-91.0243,"County Road 768, Reynolds County, Missouri, United States",323635994,"Data © OpenStreetMap contributors, ODbL 1.0. http://osm.org/copyright",way,18678378,37.32675191866498,-91.02459303096829,highway,residential,26,0.10000999999999993,road,County Road 768,Reynolds County,Missouri,US-MO,United States,us,,County Road 768,NA,NA,NA,NA,NA,NA,NA,NA,NA,NA,NA,NA,NA,NA,NA,NA,NA,NA,NA
40.8731,-96.1528,"State Spur 13K, Cass County, Nebraska, 68463, United States",316530303,"Data © OpenStreetMap contributors, ODbL 1.0. http://osm.org/copyright",way,472412129,40.871991,-96.1528,highway,tertiary,26,0.10000999999999993,road,State Spur 13K,Cass County,Nebraska,US-NE,United States,us,,State Spur 13K,NA,NA,68463,NA,NA,NA,NA,NA,NA,NA,NA,NA,NA,NA,NA,NA,NA,NA,NA
45.5303,-122.7033,"2512, Northwest Marshall Street, Nob Hill, Northwest District, Portland, Multnomah County, Oregon, 97210, United States",313775369,"Data © OpenStreetMap contributors, ODbL 1.0. http://osm.org/copyright",way,367907429,45.53022895,-122.70314303732209,building,apartments,30,9.99999999995449e-6,building,,Multnomah County,Oregon,US-OR,United States,us,,Northwest Marshall Street,NA,NA,97210,Northwest District,NA,2512,Portland,NA,NA,NA,Nob Hill,NA,NA,NA,NA,NA,NA,NA,NA
40.7692,-103.0968,"County Road 51, Logan County, Colorado, 80736, United States",316364085,"Data © OpenStreetMap contributors, ODbL 1.0. http://osm.org/copyright",way,16989832,40.769209503383685,-103.09434113691856,highway,unclassified,26,0.10000999999999993,road,County Road 51,Logan County,Colorado,US-CO,United States,us,,County Road 51,NA,NA,80736,NA,NA,NA,NA,NA,NA,NA,NA,NA,NA,NA,NA,NA,NA,NA,NA
48.4786,-122.3345,"504, North Burlington Boulevard, Burlington, Skagit County, Washington, 98233, United States",31581959,"Data © OpenStreetMap contributors, ODbL 1.0. http://osm.org/copyright",way,1063698354,48.478932549999996,-122.33494145259971,building,yes,30,9.99999999995449e-6,building,,Skagit County,Washington,US-WA,United States,us,,North Burlington Boulevard,Burlington,NA,98233,NA,NA,504,NA,NA,NA,NA,NA,NA,NA,NA,NA,NA,NA,NA,NA
64.7556,-165.6723,"Unorganized Borough, Alaska, United States",173210847,"Data © OpenStreetMap contributors, ODbL 1.0. http://osm.org/copyright",relation,7939736,63.417431050000005,-157.6718650484568,boundary,administrative,12,0.4535816486498442,county,Unorganized Borough,Unorganized Borough,Alaska,US-AK,United States,us,,NA,NA,NA,NA,NA,NA,NA,NA,NA,NA,NA,NA,NA,NA,NA,NA,NA,NA,NA,NA
40.1362,-95.2138,"US 59, Mound City, Holt County, Missouri, 64470, United States",28216788,"Data © OpenStreetMap contributors, ODbL 1.0. http://osm.org/copyright",way,18494585,40.13115680273442,-95.21391392105033,highway,primary,26,0.10000999999999993,road,US 59,Holt County,Missouri,US-MO,United States,us,,US 59,NA,NA,64470,NA,Mound City,NA,NA,NA,NA,NA,NA,NA,NA,NA,NA,NA,NA,NA,NA
41.5403,-122.9366,"Siskiyou County, California, 96037, United States",312285207,"Data © OpenStreetMap contributors, ODbL 1.0. http://osm.org/copyright",way,10633882,41.540605,-122.936068,highway,residential,26,0.10000999999999993,road,,Siskiyou County,California,US-CA,United States,us,,NA,NA,NA,96037,NA,NA,NA,NA,NA,NA,NA,NA,NA,NA,NA,NA,NA,NA,NA,NA
39.047,-122.9328,"1518, McMahon Road, Lake County, California, 95453, United States",350110029,"Data © OpenStreetMap contributors, ODbL 1.0. http://osm.org/copyright",way,10262631,39.0471443777246,-122.93271809367522,place,house,30,9.999999994736442e-8,place,,Lake County,California,US-CA,United States,us,,McMahon Road,NA,NA,95453,NA,NA,1518,NA,NA,NA,NA,NA,NA,NA,NA,NA,NA,NA,NA,NA
36.1486,-105.6648,"Rodarte, Taos County, New Mexico, 87543, United States",317933614,"Data © OpenStreetMap contributors, ODbL 1.0. http://osm.org/copyright",way,14632004,36.14855977797017,-105.66495020414264,highway,residential,26,0.10000999999999993,road,,Taos County,New Mexico,US-NM,United States,us,,NA,NA,Rodarte,87543,NA,NA,NA,NA,NA,NA,NA,NA,NA,NA,NA,NA,NA,NA,NA,NA
40.507,-123.9743,"Humboldt County, California, United States",312151596,"Data © OpenStreetMap contributors, ODbL 1.0. http://osm.org/copyright",way,10251917,40.503403,-123.972224,highway,residential,26,0.10000999999999993,road,,Humboldt County,California,US-CA,United States,us,,NA,NA,NA,NA,NA,NA,NA,NA,NA,NA,NA,NA,NA,NA,NA,NA,NA,NA,NA,NA
39.7532,-105.6356,"Joe Reynolds Mine, Lamartine Spur, Clear Creek County, Colorado, 80436, United States",317251884,"Data © OpenStreetMap contributors, ODbL 1.0. http://osm.org/copyright",node,369171821,39.7527654,-105.6333348,landuse,quarry,30,9.99999999995449e-6,landuse,Joe Reynolds Mine,Clear Creek County,Colorado,US-CO,United States,us,,Lamartine Spur,NA,NA,80436,NA,NA,NA,NA,NA,NA,NA,NA,Joe Reynolds Mine,NA,NA,NA,NA,NA,NA,NA
41.36600000000001,-98.0054,"State Highway 22, Nance County, Nebraska, 68638, United States",316432446,"Data © OpenStreetMap contributors, ODbL 1.0. http://osm.org/copyright",way,674432440,41.3657310194614,-98.00541583383041,highway,secondary,26,0.10000999999999993,road,State Highway 22,Nance County,Nebraska,US-NE,United States,us,,State Highway 22,NA,NA,68638,NA,NA,NA,NA,NA,NA,NA,NA,NA,NA,NA,NA,NA,NA,NA,NA
41.4972,-98.7858,"Paider Road, Valley County, Nebraska, United States",316434751,"Data © OpenStreetMap contributors, ODbL 1.0. http://osm.org/copyright",way,14268468,41.50260646387589,-98.78585072522793,highway,unclassified,26,0.10000999999999993,road,Paider Road,Valley County,Nebraska,US-NE,United States,us,,Paider Road,NA,NA,NA,NA,NA,NA,NA,NA,NA,NA,NA,NA,NA,NA,NA,NA,NA,NA,NA
40.029,-93.1607,"East Fir Street, Browning, Linn County, Missouri, 64630, United States",28361514,"Data © OpenStreetMap contributors, ODbL 1.0. http://osm.org/copyright",way,18570891,40.03265094410475,-93.16065299213601,highway,residential,26,0.10000999999999993,road,East Fir Street,Linn County,Missouri,US-MO,United States,us,,East Fir Street,NA,NA,64630,NA,Browning,NA,NA,NA,NA,NA,NA,NA,NA,NA,NA,NA,NA,NA,NA
45.0838,-120.6649,"Sherman County, Oregon, United States",313496570,"Data © OpenStreetMap contributors, ODbL 1.0. http://osm.org/copyright",relation,1150095,45.3944268,-120.6963746,boundary,administrative,12,0.4665210106071144,county,Sherman County,Sherman County,Oregon,US-OR,United States,us,,NA,NA,NA,NA,NA,NA,NA,NA,NA,NA,NA,NA,NA,NA,NA,NA,NA,NA,NA,NA
38.5234,-120.6763,"El Dorado County, California, United States",310537088,"Data © OpenStreetMap contributors, ODbL 1.0. http://osm.org/copyright",way,10318853,38.519249,-120.676749,highway,residential,26,0.10000999999999993,road,,El Dorado County,California,US-CA,United States,us,,NA,NA,NA,NA,NA,NA,NA,NA,NA,NA,NA,NA,NA,NA,NA,NA,NA,NA,NA,NA
33.6773,-118.0051,"Huntington Beach High School, 1905, Main Street, Huntington Beach, Orange County, California, 92648, United States",306019752,"Data © OpenStreetMap contributors, ODbL 1.0. http://osm.org/copyright",way,195210889,33.67639215,-118.0038860222198,amenity,school,30,0.3298478578672752,amenity,Huntington Beach High School,Orange County,California,US-CA,United States,us,,Main Street,NA,NA,92648,NA,NA,1905,Huntington Beach,NA,NA,Huntington Beach High School,NA,NA,NA,NA,NA,NA,NA,NA,NA
43.6498,-116.4306,"4923, North Cortona Way, Meridian, Ada County, Idaho, 83646, United States",315070938,"Data © OpenStreetMap contributors, ODbL 1.0. http://osm.org/copyright",node,9765435722,43.6498016,-116.4309324,place,house,30,9.99999999995449e-6,place,,Ada County,Idaho,US-ID,United States,us,,North Cortona Way,NA,NA,83646,NA,NA,4923,Meridian,NA,NA,NA,NA,NA,NA,NA,NA,NA,NA,NA,NA
34.1556,-118.2322,"705, Avonglen Terrace, Glendale, Los Angeles County, California, 91206, United States",335283100,"Data © OpenStreetMap contributors, ODbL 1.0. http://osm.org/copyright",way,167658485,34.15562597577786,-118.23215853472624,place,house,30,9.999999994736442e-8,place,,Los Angeles County,California,US-CA,United States,us,,Avonglen Terrace,NA,NA,91206,NA,NA,705,Glendale,NA,NA,NA,NA,NA,NA,NA,NA,NA,NA,NA,NA
44.6873,-104.4414,"153, Lame Jones Road, Alva, Crook County, Wyoming, 82711, United States",347840411,"Data © OpenStreetMap contributors, ODbL 1.0. http://osm.org/copyright",way,15717605,44.6871265364996,-104.44092697545688,place,house,30,9.999999994736442e-8,place,,Crook County,Wyoming,US-WY,United States,us,,Lame Jones Road,NA,Alva,82711,NA,NA,153,NA,NA,NA,NA,NA,NA,NA,NA,NA,NA,NA,NA,NA
38.5319,-93.9221,"Northwest 1200 Road, Henry County, Missouri, 64726, United States",322622693,"Data © OpenStreetMap contributors, ODbL 1.0. http://osm.org/copyright",way,18487227,38.535445336296796,-93.92204354003927,highway,residential,26,0.10000999999999993,road,Northwest 1200 Road,Henry County,Missouri,US-MO,United States,us,,Northwest 1200 Road,NA,NA,64726,NA,NA,NA,NA,NA,NA,NA,NA,NA,NA,NA,NA,NA,NA,NA,NA
33.615,-117.7114,"2079, Ronda Granada, Laguna Woods, Orange County, California, 92637, United States",306480864,"Data © OpenStreetMap contributors, ODbL 1.0. http://osm.org/copyright",way,1148309830,33.614842749999994,-117.7113767721411,building,yes,30,9.99999999995449e-6,building,,Orange County,California,US-CA,United States,us,,Ronda Granada,Laguna Woods,NA,92637,NA,NA,2079,NA,NA,NA,NA,NA,NA,NA,NA,NA,NA,NA,NA,NA
35.0561,-106.5506,"Missile Defense Agency (20200), 1350, Wyoming Boulevard Southeast, Bernalillo County, New Mexico, 87116, United States",318065550,"Data © OpenStreetMap contributors, ODbL 1.0. http://osm.org/copyright",way,706083548,35.0560048,-106.5501751475625,military,office,30,9.99999999995449e-6,military,Missile Defense Agency (20200),Bernalillo County,New Mexico,US-NM,United States,us,,Wyoming Boulevard Southeast,NA,NA,87116,NA,NA,1350,NA,NA,NA,NA,NA,NA,Missile Defense Agency (20200),NA,NA,NA,NA,NA,NA
34.1248,-117.9031,"451, East 2nd Street, Azusa, Los Angeles County, California, 91702, United States",334882008,"Data © OpenStreetMap contributors, ODbL 1.0. http://osm.org/copyright",way,13439542,34.12447444897959,-117.90310134693877,place,house,30,9.999999994736442e-8,place,,Los Angeles County,California,US-CA,United States,us,,East 2nd Street,Azusa,NA,91702,NA,NA,451,NA,NA,NA,NA,NA,NA,NA,NA,NA,NA,NA,NA,NA
43.7857,-124.1437,"Oregon Coast Highway, Douglas County, Oregon, 97441, United States",312398494,"Data © OpenStreetMap contributors, ODbL 1.0. http://osm.org/copyright",way,119209127,43.78495885918248,-124.14419914786687,highway,trunk,26,0.10000999999999993,road,Oregon Coast Highway,Douglas County,Oregon,US-OR,United States,us,,Oregon Coast Highway,NA,NA,97441,NA,NA,NA,NA,NA,NA,NA,NA,NA,NA,NA,NA,NA,NA,NA,NA
41.606,-109.23,"Marty's, 1549, Elk Street, Rock Springs, Sweetwater County, Wyoming, 82901, United States",315585799,"Data © OpenStreetMap contributors, ODbL 1.0. http://osm.org/copyright",way,555873362,41.60603355,-109.23004948922804,amenity,bar,30,9.99999999995449e-6,amenity,Marty's,Sweetwater County,Wyoming,US-WY,United States,us,,Elk Street,NA,NA,82901,NA,NA,1549,Rock Springs,NA,NA,Marty's,NA,NA,NA,NA,NA,NA,NA,NA,NA
20.0271,-155.3697,"Hawaiʻi County, Hawaii, 96776, United States",32779952,"Data © OpenStreetMap contributors, ODbL 1.0. http://osm.org/copyright",way,375879933,20.0230874,-155.3685648,highway,residential,26,0.10000999999999993,road,,Hawaiʻi County,Hawaii,US-HI,United States,us,,NA,NA,NA,96776,NA,NA,NA,NA,NA,NA,NA,NA,NA,NA,NA,NA,NA,NA,NA,NA
44.0385,-123.0614,"1920, Parkside Drive, Eugene, Lane County, Oregon, 97403, United States",314529440,"Data © OpenStreetMap contributors, ODbL 1.0. http://osm.org/copyright",way,1093677935,44.038664,-123.06105188492063,building,yes,30,9.99999999995449e-6,building,,Lane County,Oregon,US-OR,United States,us,,Parkside Drive,NA,NA,97403,NA,NA,1920,Eugene,NA,NA,NA,NA,NA,NA,NA,NA,NA,NA,NA,NA
37.6787,-122.478,"Daniel Webster Elementary School, Olcese Court, Daly City, San Mateo County, California, 94015, United States",311705280,"Data © OpenStreetMap contributors, ODbL 1.0. http://osm.org/copyright",way,727899881,37.67806025,-122.47664281381671,amenity,school,30,9.99999999995449e-6,amenity,Daniel Webster Elementary School,San Mateo County,California,US-CA,United States,us,,Olcese Court,NA,NA,94015,NA,NA,NA,Daly City,NA,NA,Daniel Webster Elementary School,NA,NA,NA,NA,NA,NA,NA,NA,NA
41.71,-111.9817,"188, 100 North, Mendon, Cache County, Utah, 84325, United States",343283004,"Data © OpenStreetMap contributors, ODbL 1.0. http://osm.org/copyright",way,782815708,41.7099558245433,-111.98170485643618,place,house,30,9.999999994736442e-8,place,,Cache County,Utah,US-UT,United States,us,,100 North,NA,NA,84325,NA,Mendon,188,NA,NA,NA,NA,NA,NA,NA,NA,NA,NA,NA,NA,NA
44.2415,-121.0113,"7411, Southwest Copley Road, Crook County, Oregon, 97753, United States",314527995,"Data © OpenStreetMap contributors, ODbL 1.0. http://osm.org/copyright",way,1091126673,44.237963500000006,-121.01173275233015,building,yes,30,9.99999999995449e-6,building,,Crook County,Oregon,US-OR,United States,us,,Southwest Copley Road,NA,NA,97753,NA,NA,7411,NA,NA,NA,NA,NA,NA,NA,NA,NA,NA,NA,NA,NA
39.7417,-93.6289,"799, Fellows Street, Utica, Livingston County, Missouri, 64686, United States",345737317,"Data © OpenStreetMap contributors, ODbL 1.0. http://osm.org/copyright",way,18570597,39.741766,-93.628957,place,house,30,9.999999994736442e-8,place,,Livingston County,Missouri,US-MO,United States,us,,Fellows Street,NA,NA,64686,NA,Utica,799,NA,NA,NA,NA,NA,NA,NA,NA,NA,NA,NA,NA,NA
34.0287,-118.4924,"Euclid Court, Santa Monica, Los Angeles County, California, 90403, United States",309289757,"Data © OpenStreetMap contributors, ODbL 1.0. http://osm.org/copyright",way,42279486,34.028886323046166,-118.49224131886234,highway,service,27,0.07500999999999991,road,Euclid Court,Los Angeles County,California,US-CA,United States,us,,Euclid Court,NA,NA,90403,NA,NA,NA,Santa Monica,NA,NA,NA,NA,NA,NA,NA,NA,NA,NA,NA,NA
41.4247,-105.4781,"Albany County, Wyoming, United States",315777865,"Data © OpenStreetMap contributors, ODbL 1.0. http://osm.org/copyright",relation,1411398,41.6684047,-105.6812633,boundary,administrative,12,0.46247970972807045,county,Albany County,Albany County,Wyoming,US-WY,United States,us,,NA,NA,NA,NA,NA,NA,NA,NA,NA,NA,NA,NA,NA,NA,NA,NA,NA,NA,NA,NA
41.6423,-104.1974,"Goshen County, Wyoming, United States",315791243,"Data © OpenStreetMap contributors, ODbL 1.0. http://osm.org/copyright",way,1089105450,41.6371019,-104.1981809,highway,residential,26,0.10000999999999993,road,,Goshen County,Wyoming,US-WY,United States,us,,NA,NA,NA,NA,NA,NA,NA,NA,NA,NA,NA,NA,NA,NA,NA,NA,NA,NA,NA,NA
41.1832,-96.9882,"Road U, Butler County, Nebraska, 68626, United States",316479403,"Data © OpenStreetMap contributors, ODbL 1.0. http://osm.org/copyright",way,14031067,41.18323912185986,-96.98535162766422,highway,unclassified,26,0.10000999999999993,road,Road U,Butler County,Nebraska,US-NE,United States,us,,Road U,NA,NA,68626,NA,NA,NA,NA,NA,NA,NA,NA,NA,NA,NA,NA,NA,NA,NA,NA
34.5189,-112.2523,"12315, East Prescott Dells Road, Dewey-Humboldt, Yavapai County, Arizona, 86327, United States",335744601,"Data © OpenStreetMap contributors, ODbL 1.0. http://osm.org/copyright",way,16976007,34.51829412266434,-112.25240879094315,place,house,30,9.999999994736442e-8,place,,Yavapai County,Arizona,US-AZ,United States,us,,East Prescott Dells Road,NA,NA,86327,NA,Dewey-Humboldt,12315,NA,NA,NA,NA,NA,NA,NA,NA,NA,NA,NA,NA,NA
33.8155,-112.1202,"2805, West Creek Canyon Road, Desert Hills, Maricopa County, Arizona, 85086, United States",362485945,"Data © OpenStreetMap contributors, ODbL 1.0. http://osm.org/copyright",way,331178086,33.81623900688008,-112.1203106983141,place,house,30,9.999999994736442e-8,place,,Maricopa County,Arizona,US-AZ,United States,us,,West Creek Canyon Road,NA,NA,85086,NA,Desert Hills,2805,NA,NA,NA,NA,NA,NA,NA,NA,NA,NA,NA,NA,NA
33.8419,-117.6043,"Troy Lee, Riverside County, California, 92882, United States",307027830,"Data © OpenStreetMap contributors, ODbL 1.0. http://osm.org/copyright",way,1082996383,33.84278318778117,-117.60480489339766,highway,path,27,0.07500999999999991,road,Troy Lee,Riverside County,California,US-CA,United States,us,,Troy Lee,NA,NA,92882,NA,NA,NA,NA,NA,NA,NA,NA,NA,NA,NA,NA,NA,NA,NA,NA
44.7957,-110.6137,"Park County, Wyoming, United States",315875673,"Data © OpenStreetMap contributors, ODbL 1.0. http://osm.org/copyright",relation,288537,44.6076072,-109.5678484,boundary,administrative,12,0.4631215437489292,county,Park County,Park County,Wyoming,US-WY,United States,us,,NA,NA,NA,NA,NA,NA,NA,NA,NA,NA,NA,NA,NA,NA,NA,NA,NA,NA,NA,NA
44.453,-123.1065,"Railroad Avenue, Shedd, Linn County, Oregon, 97377, United States",314418274,"Data © OpenStreetMap contributors, ODbL 1.0. http://osm.org/copyright",way,5500219,44.4530000837569,-123.10796032247409,highway,residential,26,0.10000999999999993,road,Railroad Avenue,Linn County,Oregon,US-OR,United States,us,,Railroad Avenue,NA,Shedd,97377,NA,NA,NA,NA,NA,NA,NA,NA,NA,NA,NA,NA,NA,NA,NA,NA
39.1412,-94.3515,"2108, North Lazy Branch Road, New Salem, Jackson County, Missouri, 64058, United States",352866255,"Data © OpenStreetMap contributors, ODbL 1.0. http://osm.org/copyright",way,18512955,39.141218333333335,-94.35141833333333,place,house,30,9.999999994736442e-8,place,,Jackson County,Missouri,US-MO,United States,us,,North Lazy Branch Road,NA,NA,64058,NA,NA,2108,NA,New Salem,NA,NA,NA,NA,NA,NA,NA,NA,NA,NA,NA
33.5494,-111.9565,"North Saguaro Drive, Paradise Valley, Maricopa County, Arizona, 85253, United States",318342932,"Data © OpenStreetMap contributors, ODbL 1.0. http://osm.org/copyright",way,5676444,33.5509461,-111.9552389,highway,residential,26,0.10000999999999993,road,North Saguaro Drive,Maricopa County,Arizona,US-AZ,United States,us,,North Saguaro Drive,Paradise Valley,NA,85253,Paradise Valley,NA,NA,NA,NA,NA,NA,NA,NA,NA,NA,NA,NA,NA,NA,NA
39.2048,-94.0259,"38457, West 65th Street, Camden, Ray County, Missouri, 64017, United States",346444935,"Data © OpenStreetMap contributors, ODbL 1.0. http://osm.org/copyright",way,18677070,39.20553185714286,-94.02590742857143,place,house,30,9.999999994736442e-8,place,,Ray County,Missouri,US-MO,United States,us,,West 65th Street,NA,NA,64017,NA,Camden,38457,NA,NA,NA,NA,NA,NA,NA,NA,NA,NA,NA,NA,NA
33.0067,-117.069,"12254, Fairway Pointe Row, Rancho Bernardo, San Diego, San Diego County, California, 92128, United States",306111164,"Data © OpenStreetMap contributors, ODbL 1.0. http://osm.org/copyright",node,597019915,33.006793,-117.068964,place,house,30,9.99999999995449e-6,place,,San Diego County,California,US-CA,United States,us,,Fairway Pointe Row,NA,NA,92128,Rancho Bernardo,NA,12254,San Diego,NA,NA,NA,NA,NA,NA,NA,NA,NA,NA,NA,NA
36.6704,-93.0377,"539, David Lane, Taney County, Missouri, 65680, United States",341015788,"Data © OpenStreetMap contributors, ODbL 1.0. http://osm.org/copyright",way,18746108,36.66968967394698,-93.0376816073835,place,house,30,9.999999994736442e-8,place,,Taney County,Missouri,US-MO,United States,us,,David Lane,NA,NA,65680,NA,NA,539,NA,NA,NA,NA,NA,NA,NA,NA,NA,NA,NA,NA,NA
35.9866,-106.0654,"San Pedro, Espanola, Rio Arriba County, New Mexico, 87533, United States",318098767,"Data © OpenStreetMap contributors, ODbL 1.0. http://osm.org/copyright",way,14552488,35.986145,-106.06499,highway,residential,26,0.10000999999999993,road,,Rio Arriba County,New Mexico,US-NM,United States,us,,NA,Espanola,San Pedro,87533,NA,NA,NA,NA,NA,NA,NA,NA,NA,NA,NA,NA,NA,NA,NA,NA
40.2967,-98.737,"West Merrill Street, Campbell, Franklin County, Nebraska, 68932, United States",316401408,"Data © OpenStreetMap contributors, ODbL 1.0. http://osm.org/copyright",way,14086300,40.298299,-98.736058,highway,residential,26,0.10000999999999993,road,West Merrill Street,Franklin County,Nebraska,US-NE,United States,us,,West Merrill Street,NA,NA,68932,NA,Campbell,NA,NA,NA,NA,NA,NA,NA,NA,NA,NA,NA,NA,NA,NA
33.7163,-116.3381,"45696, Via Corona, Indian Wells, Riverside County, California, 92210, United States",356491969,"Data © OpenStreetMap contributors, ODbL 1.0. http://osm.org/copyright",way,7231018,33.71630017523117,-116.33818381329587,place,house,30,9.999999994736442e-8,place,,Riverside County,California,US-CA,United States,us,,Via Corona,Indian Wells,NA,92210,NA,NA,45696,NA,NA,NA,NA,NA,NA,NA,NA,NA,NA,NA,NA,NA
33.6401,-116.5567,"Oak Canyon Spring, Pacific Crest National Scenic Trail #2000, Riverside County, California, United States",307252933,"Data © OpenStreetMap contributors, ODbL 1.0. http://osm.org/copyright",node,4592091359,33.6355146,-116.5593924,natural,spring,30,9.99999999995449e-6,natural,Oak Canyon Spring,Riverside County,California,US-CA,United States,us,,Pacific Crest National Scenic Trail #2000,NA,NA,NA,NA,NA,NA,NA,NA,NA,NA,NA,NA,NA,Oak Canyon Spring,NA,NA,NA,NA,NA
36.4992,-120.0936,"West Clarkson Avenue, Fresno County, California, 93627, United States",311316618,"Data © OpenStreetMap contributors, ODbL 1.0. http://osm.org/copyright",way,10340941,36.50236224697619,-120.09361739053843,highway,track,26,0.10000999999999993,road,West Clarkson Avenue,Fresno County,California,US-CA,United States,us,,West Clarkson Avenue,NA,NA,93627,NA,NA,NA,NA,NA,NA,NA,NA,NA,NA,NA,NA,NA,NA,NA,NA
43.92100000000001,-122.7806,"187, East 2nd Street, Lowell, Lane County, Oregon, 97452, United States",312364928,"Data © OpenStreetMap contributors, ODbL 1.0. http://osm.org/copyright",way,1124307872,43.9210548,-122.7808069298828,building,yes,30,9.99999999995449e-6,building,,Lane County,Oregon,US-OR,United States,us,,East 2nd Street,NA,NA,97452,NA,Lowell,187,NA,NA,NA,NA,NA,NA,NA,NA,NA,NA,NA,NA,NA
35.4311,-105.9409,"89, Hacienda Tranquillas, Santa Fe County, New Mexico, 87540, United States",340385491,"Data © OpenStreetMap contributors, ODbL 1.0. http://osm.org/copyright",way,862067497,35.43113970402029,-105.94086240768465,place,house,30,9.999999994736442e-8,place,,Santa Fe County,New Mexico,US-NM,United States,us,,Hacienda Tranquillas,NA,NA,87540,NA,NA,89,NA,NA,NA,NA,NA,NA,NA,NA,NA,NA,NA,NA,NA
37.7175,-112.4777,"Garfield County, Utah, United States",317786697,"Data © OpenStreetMap contributors, ODbL 1.0. http://osm.org/copyright",relation,1744359,37.8018067,-111.5853156,boundary,administrative,12,0.4651706379797493,county,Garfield County,Garfield County,Utah,US-UT,United States,us,,NA,NA,NA,NA,NA,NA,NA,NA,NA,NA,NA,NA,NA,NA,NA,NA,NA,NA,NA,NA
37.7878,-122.1884,"4434, Albert Street, Laurel, Oakland, Alameda County, California, 94615, United States",312020989,"Data © OpenStreetMap contributors, ODbL 1.0. http://osm.org/copyright",way,477501674,37.78791425,-122.1883315,building,yes,30,9.99999999995449e-6,building,,Alameda County,California,US-CA,United States,us,,Albert Street,NA,NA,94615,NA,NA,4434,Oakland,NA,NA,NA,Laurel,NA,NA,NA,NA,NA,NA,NA,NA
34.298,-114.156,"Trails End Camp Road, San Bernardino County, California, 92267, United States",308849450,"Data © OpenStreetMap contributors, ODbL 1.0. http://osm.org/copyright",way,181222184,34.2968892,-114.1571313,highway,residential,26,0.10000999999999993,road,Trails End Camp Road,San Bernardino County,California,US-CA,United States,us,,Trails End Camp Road,NA,NA,92267,NA,NA,NA,NA,NA,NA,NA,NA,NA,NA,NA,NA,NA,NA,NA,NA
38.2911,-92.7059,"Union Church, MO W;MO Y, Morgan County, Missouri, 65072, United States",322699515,"Data © OpenStreetMap contributors, ODbL 1.0. http://osm.org/copyright",node,358044237,38.2880856,-92.7021329,amenity,place_of_worship,30,9.99999999995449e-6,amenity,Union Church,Morgan County,Missouri,US-MO,United States,us,,MO W;MO Y,NA,NA,65072,NA,NA,NA,NA,NA,NA,Union Church,NA,NA,NA,NA,NA,NA,NA,NA,NA
34.9889,-106.0609,"11th Street, Moriarty, Torrance County, New Mexico, 87035, United States",317933422,"Data © OpenStreetMap contributors, ODbL 1.0. http://osm.org/copyright",way,14643665,34.98888407658446,-106.05881077777836,highway,track,26,0.10000999999999993,road,11th Street,Torrance County,New Mexico,US-NM,United States,us,,11th Street,Moriarty,NA,87035,NA,NA,NA,NA,NA,NA,NA,NA,NA,NA,NA,NA,NA,NA,NA,NA
41.6414,-96.5232,"Dodge County, Nebraska, United States",316491379,"Data © OpenStreetMap contributors, ODbL 1.0. http://osm.org/copyright",relation,1425430,41.58577,-96.6789773,boundary,administrative,12,0.4968876506482677,county,Dodge County,Dodge County,Nebraska,US-NE,United States,us,,NA,NA,NA,NA,NA,NA,NA,NA,NA,NA,NA,NA,NA,NA,NA,NA,NA,NA,NA,NA
45.67100000000001,-121.8686,"Frontage Road, Cascade Locks, Hood River County, Oregon, 98648, United States",313473562,"Data © OpenStreetMap contributors, ODbL 1.0. http://osm.org/copyright",way,5039944,45.67429123508992,-121.86922432250319,highway,tertiary,26,0.10000999999999993,road,Frontage Road,Hood River County,Oregon,US-OR,United States,us,,Frontage Road,NA,NA,98648,NA,Cascade Locks,NA,NA,NA,NA,NA,NA,NA,NA,NA,NA,NA,NA,NA,NA
40.0235,-120.7986,"Plumas County, California, United States",312223741,"Data © OpenStreetMap contributors, ODbL 1.0. http://osm.org/copyright",relation,396477,39.9430988,-120.8059521,boundary,administrative,12,0.5425854144438804,county,Plumas County,Plumas County,California,US-CA,United States,us,,NA,NA,NA,NA,NA,NA,NA,NA,NA,NA,NA,NA,NA,NA,NA,NA,NA,NA,NA,NA
40.4591,-98.5551,"South Roseland Avenue, Adams County, Nebraska, 68973, United States",316451054,"Data © OpenStreetMap contributors, ODbL 1.0. http://osm.org/copyright",way,683851242,40.45910384484227,-98.55352489628521,highway,tertiary,26,0.10000999999999993,road,South Roseland Avenue,Adams County,Nebraska,US-NE,United States,us,,South Roseland Avenue,NA,NA,68973,NA,NA,NA,NA,NA,NA,NA,NA,NA,NA,NA,NA,NA,NA,NA,NA
45.4093,-122.6847,"850, Schukart Lane, McVey - South Shore, Lake Oswego, Clackamas County, Oregon, 97034, United States",314122017,"Data © OpenStreetMap contributors, ODbL 1.0. http://osm.org/copyright",way,349961443,45.4089833,-122.68460818999856,building,yes,30,9.99999999995449e-6,building,,Clackamas County,Oregon,US-OR,United States,us,,Schukart Lane,Lake Oswego,NA,97034,NA,NA,850,NA,NA,NA,NA,McVey - South Shore,NA,NA,NA,NA,NA,NA,NA,NA
39.5102,-104.7216,"Black Bear Golf Club, 11400, Canterberry Parkway, Parker, Douglas County, Colorado, 80138, United States",316927835,"Data © OpenStreetMap contributors, ODbL 1.0. http://osm.org/copyright",relation,11285389,39.50586505,-104.72410690664711,leisure,golf_course,30,9.99999999995449e-6,leisure,Black Bear Golf Club,Douglas County,Colorado,US-CO,United States,us,,Canterberry Parkway,Parker,NA,80138,NA,NA,11400,NA,NA,NA,NA,NA,NA,NA,NA,Black Bear Golf Club,NA,NA,NA,NA
46.5901,-117.1692,"US 195, Whitman County, Washington, 99113, United States",314787705,"Data © OpenStreetMap contributors, ODbL 1.0. http://osm.org/copyright",way,446236172,46.58962687506977,-117.1694243103241,highway,trunk,26,0.10000999999999993,road,US 195,Whitman County,Washington,US-WA,United States,us,,US 195,NA,NA,99113,NA,NA,NA,NA,NA,NA,NA,NA,NA,NA,NA,NA,NA,NA,NA,NA
35.0203,-106.5503,"Pennsylvania Street Southeast, Bernalillo County, New Mexico, 87116, United States",318025876,"Data © OpenStreetMap contributors, ODbL 1.0. http://osm.org/copyright",way,1033384135,35.0222676,-106.54517326034482,military,bunker,30,9.99999999995449e-6,military,,Bernalillo County,New Mexico,US-NM,United States,us,,Pennsylvania Street Southeast,NA,NA,87116,NA,NA,NA,NA,NA,NA,NA,NA,NA,NA,NA,NA,NA,NA,NA,NA
43.0351,-108.2024,"Fremont County, Wyoming, United States",315830867,"Data © OpenStreetMap contributors, ODbL 1.0. http://osm.org/copyright",relation,288533,43.0293336,-108.5772551,boundary,administrative,12,0.4684618559777957,county,Fremont County,Fremont County,Wyoming,US-WY,United States,us,,NA,NA,NA,NA,NA,NA,NA,NA,NA,NA,NA,NA,NA,NA,NA,NA,NA,NA,NA,NA
38.5662,-121.3286,"9857, Heartwood Way, Rancho Cordova, Sacramento County, California, 95827, United States",350799814,"Data © OpenStreetMap contributors, ODbL 1.0. http://osm.org/copyright",way,10531956,38.5661061730598,-121.32860832649492,place,house,30,9.999999994736442e-8,place,,Sacramento County,California,US-CA,United States,us,,Heartwood Way,Rancho Cordova,NA,95827,NA,NA,9857,NA,NA,NA,NA,NA,NA,NA,NA,NA,NA,NA,NA,NA
33.7467,-117.1721,"25600, 4th Street, Romoland, Riverside County, California, 92585, United States",356454474,"Data © OpenStreetMap contributors, ODbL 1.0. http://osm.org/copyright",way,7238359,33.746368,-117.172335,place,house,30,9.999999994736442e-8,place,,Riverside County,California,US-CA,United States,us,,4th Street,NA,NA,92585,NA,Romoland,25600,NA,NA,NA,NA,NA,NA,NA,NA,NA,NA,NA,NA,NA
41.0539,-106.0763,"569, Forest Road 520, Albany County, Wyoming, 82070, United States",343328199,"Data © OpenStreetMap contributors, ODbL 1.0. http://osm.org/copyright",way,15686186,41.05334972499339,-106.07610705694727,place,house,30,9.999999994736442e-8,place,,Albany County,Wyoming,US-WY,United States,us,,Forest Road 520,NA,NA,82070,NA,NA,569,NA,NA,NA,NA,NA,NA,NA,NA,NA,NA,NA,NA,NA
39.3199,-106.6596,"South Fork Road, Norrie, Pitkin County, Colorado, 81642, United States",317568140,"Data © OpenStreetMap contributors, ODbL 1.0. http://osm.org/copyright",way,403364269,39.3200291,-106.6617828,highway,unclassified,26,0.10000999999999993,road,South Fork Road,Pitkin County,Colorado,US-CO,United States,us,,South Fork Road,NA,Norrie,81642,NA,NA,NA,NA,NA,NA,NA,NA,NA,NA,NA,NA,NA,NA,NA,NA
40.4931,-91.8912,"County Road 33, Clark County, Missouri, 63453, United States",28010396,"Data © OpenStreetMap contributors, ODbL 1.0. http://osm.org/copyright",way,18408552,40.493196038593695,-91.89037712386771,highway,residential,26,0.10000999999999993,road,County Road 33,Clark County,Missouri,US-MO,United States,us,,County Road 33,NA,NA,63453,NA,NA,NA,NA,NA,NA,NA,NA,NA,NA,NA,NA,NA,NA,NA,NA
41.9404,-124.1587,"North West Brook Lane, Smith River, Del Norte County, California, United States",312147929,"Data © OpenStreetMap contributors, ODbL 1.0. http://osm.org/copyright",way,10253404,41.93605577660974,-124.15968528777933,highway,residential,26,0.10000999999999993,road,North West Brook Lane,Del Norte County,California,US-CA,United States,us,,North West Brook Lane,NA,NA,NA,NA,Smith River,NA,NA,NA,NA,NA,NA,NA,NA,NA,NA,NA,NA,NA,NA
33.2887,-111.0985,"322, West Kiser Street, Superior, Pinal County, Arizona, 85173, United States",318396415,"Data © OpenStreetMap contributors, ODbL 1.0. http://osm.org/copyright",way,1153865335,33.288562,-111.09869029609274,building,yes,30,9.99999999995449e-6,building,,Pinal County,Arizona,US-AZ,United States,us,,West Kiser Street,NA,NA,85173,NA,Superior,322,NA,NA,NA,NA,NA,NA,NA,NA,NA,NA,NA,NA,NA
36.6659,-105.4694,"Deer Creek Trail #69, Taos County, New Mexico, United States",365764118,"Data © OpenStreetMap contributors, ODbL 1.0. http://osm.org/copyright",way,1204928566,36.6626464,-105.4709424,highway,path,27,0.07500999999999991,road,Deer Creek Trail #69,Taos County,New Mexico,US-NM,United States,us,,Deer Creek Trail #69,NA,NA,NA,NA,NA,NA,NA,NA,NA,NA,NA,NA,NA,NA,NA,NA,NA,NA,NA
39.8422,-105.1097,"Circle K, 9989, West 80th Avenue, Arvada, Jefferson County, Colorado, 80005, United States",317216286,"Data © OpenStreetMap contributors, ODbL 1.0. http://osm.org/copyright",way,375310248,39.84235555,-105.10976885,amenity,fuel,30,9.99999999995449e-6,amenity,Circle K,Jefferson County,Colorado,US-CO,United States,us,,West 80th Avenue,Arvada,NA,80005,NA,NA,9989,NA,NA,NA,Circle K,NA,NA,NA,NA,NA,NA,NA,NA,NA
45.5197,-123.8761,"6937, Tillamook Avenue, Bay City, Tillamook County, Oregon, 97107, United States",337147288,"Data © OpenStreetMap contributors, ODbL 1.0. http://osm.org/copyright",way,5246696,45.51922443976679,-123.87610406804458,place,house,30,9.999999994736442e-8,place,,Tillamook County,Oregon,US-OR,United States,us,,Tillamook Avenue,NA,NA,97107,NA,Bay City,6937,NA,NA,NA,NA,NA,NA,NA,NA,NA,NA,NA,NA,NA
41.1558,-101.136,"1565, 1st Street, Sutherland, Lincoln County, Nebraska, 69165, United States",344022484,"Data © OpenStreetMap contributors, ODbL 1.0. http://osm.org/copyright",way,664808148,41.15625510204082,-101.13603484693877,place,house,30,9.999999994736442e-8,place,,Lincoln County,Nebraska,US-NE,United States,us,,1st Street,NA,NA,69165,NA,Sutherland,1565,NA,NA,NA,NA,NA,NA,NA,NA,NA,NA,NA,NA,NA
38.3511,-91.4867,"State Highway 19, Owensville, Gasconade County, Missouri, 65066, United States",322681948,"Data © OpenStreetMap contributors, ODbL 1.0. http://osm.org/copyright",way,18459459,38.351953242217355,-91.48725261801641,highway,primary,26,0.10000999999999993,road,State Highway 19,Gasconade County,Missouri,US-MO,United States,us,,State Highway 19,NA,NA,65066,NA,Owensville,NA,NA,NA,NA,NA,NA,NA,NA,NA,NA,NA,NA,NA,NA
40.3207,-110.436,"Duchesne County, Utah, 84073, United States",315358475,"Data © OpenStreetMap contributors, ODbL 1.0. http://osm.org/copyright",way,10092268,40.32026670591997,-110.43599054860223,highway,unclassified,26,0.10000999999999993,road,,Duchesne County,Utah,US-UT,United States,us,,NA,NA,NA,84073,NA,NA,NA,NA,NA,NA,NA,NA,NA,NA,NA,NA,NA,NA,NA,NA
38.2352,-104.66,"1884, Vinewood Lane, Pueblo, Pueblo County, Colorado, 81005, United States",335919782,"Data © OpenStreetMap contributors, ODbL 1.0. http://osm.org/copyright",way,17134955,38.23526785714286,-104.659946,place,house,30,9.999999994736442e-8,place,,Pueblo County,Colorado,US-CO,United States,us,,Vinewood Lane,NA,NA,81005,NA,NA,1884,Pueblo,NA,NA,NA,NA,NA,NA,NA,NA,NA,NA,NA,NA
47.4974,-122.0107,"Chirico Trail, King County, Washington, 98027, United States",313042674,"Data © OpenStreetMap contributors, ODbL 1.0. http://osm.org/copyright",way,57355613,47.4967943,-122.0106438,highway,footway,27,0.07500999999999991,road,Chirico Trail,King County,Washington,US-WA,United States,us,,Chirico Trail,NA,NA,98027,NA,NA,NA,NA,NA,NA,NA,NA,NA,NA,NA,NA,NA,NA,NA,NA
38.6171,-90.4504,"1993, Windmoor Place, Town and Country, Saint Louis County, Missouri, 63131, United States",322945857,"Data © OpenStreetMap contributors, ODbL 1.0. http://osm.org/copyright",node,6954932992,38.6176386,-90.4500691,place,house,30,9.99999999995449e-6,place,,Saint Louis County,Missouri,US-MO,United States,us,,Windmoor Place,Town and Country,NA,63131,NA,NA,1993,NA,Windmoor Place,NA,NA,NA,NA,NA,NA,NA,NA,NA,NA,NA
36.7651,-94.0492,"1265, Farm Road 2117, Wheaton, Barry County, Missouri, 65734, United States",339219764,"Data © OpenStreetMap contributors, ODbL 1.0. http://osm.org/copyright",way,18329181,36.76513630612245,-94.04919314285713,place,house,30,9.999999994736442e-8,place,,Barry County,Missouri,US-MO,United States,us,,Farm Road 2117,NA,NA,65734,NA,Wheaton,1265,NA,NA,NA,NA,NA,NA,NA,NA,NA,NA,NA,NA,NA
34.5715,-118.0231,"60th Street East, Palmdale, Los Angeles County, California, 93552, United States",309125329,"Data © OpenStreetMap contributors, ODbL 1.0. http://osm.org/copyright",way,13387410,34.571512271242796,-118.02285820970816,highway,tertiary,26,0.10000999999999993,road,60th Street East,Los Angeles County,California,US-CA,United States,us,,60th Street East,NA,NA,93552,NA,NA,NA,Palmdale,NA,NA,NA,NA,NA,NA,NA,NA,NA,NA,NA,NA
46.1966,-118.9017,"Walla Walla County, Washington, United States",314669478,"Data © OpenStreetMap contributors, ODbL 1.0. http://osm.org/copyright",relation,1150532,46.2055155,-118.5174284,boundary,administrative,12,0.4915107980816443,county,Walla Walla County,Walla Walla County,Washington,US-WA,United States,us,,NA,NA,NA,NA,NA,NA,NA,NA,NA,NA,NA,NA,NA,NA,NA,NA,NA,NA,NA,NA
42.8801,-117.281,"Malheur County, Oregon, United States",315190235,"Data © OpenStreetMap contributors, ODbL 1.0. http://osm.org/copyright",relation,1798645,43.1023481,-117.6916892,boundary,administrative,12,0.4751708141347913,county,Malheur County,Malheur County,Oregon,US-OR,United States,us,,NA,NA,NA,NA,NA,NA,NA,NA,NA,NA,NA,NA,NA,NA,NA,NA,NA,NA,NA,NA
45.3099,-122.9685,"1366, Hoskins Street, Newberg, Yamhill County, Oregon, 97132, United States",347921169,"Data © OpenStreetMap contributors, ODbL 1.0. http://osm.org/copyright",way,475384152,45.309910532129756,-122.96862665627954,place,house,30,9.999999994736442e-8,place,,Yamhill County,Oregon,US-OR,United States,us,,Hoskins Street,Newberg,NA,97132,NA,NA,1366,NA,NA,NA,NA,NA,NA,NA,NA,NA,NA,NA,NA,NA
40.3928,-111.7941,"797, North 200 East, American Fork, Utah County, Utah, 84003, United States",343065308,"Data © OpenStreetMap contributors, ODbL 1.0. http://osm.org/copyright",way,10238675,40.39278191428571,-111.79320654285713,place,house,30,9.999999994736442e-8,place,,Utah County,Utah,US-UT,United States,us,,North 200 East,American Fork,NA,84003,NA,NA,797,NA,NA,NA,NA,NA,NA,NA,NA,NA,NA,NA,NA,NA
35.1506,-106.569,"Hildegarde Drive Northeast, Albuquerque, Bernalillo County, New Mexico, 87109, United States",317991898,"Data © OpenStreetMap contributors, ODbL 1.0. http://osm.org/copyright",way,540083721,35.15050115,-106.56876959973273,leisure,swimming_pool,30,9.99999999995449e-6,leisure,,Bernalillo County,New Mexico,US-NM,United States,us,,Hildegarde Drive Northeast,NA,NA,87109,NA,NA,NA,Albuquerque,NA,NA,NA,NA,NA,NA,NA,NA,NA,NA,NA,NA
44.8021,-122.7624,"14589, Old Mehama Road Southeast, Stayton, Marion County, Oregon, 97383, United States",332982505,"Data © OpenStreetMap contributors, ODbL 1.0. http://osm.org/copyright",way,5511519,44.80150726273715,-122.76246248899083,place,house,30,9.999999994736442e-8,place,,Marion County,Oregon,US-OR,United States,us,,Old Mehama Road Southeast,Stayton,NA,97383,NA,NA,14589,NA,NA,NA,NA,NA,NA,NA,NA,NA,NA,NA,NA,NA
38.4549,-122.2564,"Napa County, California, United States",310056851,"Data © OpenStreetMap contributors, ODbL 1.0. http://osm.org/copyright",relation,396463,38.4898675,-122.3218414,boundary,administrative,12,0.4542837975027269,county,Napa County,Napa County,California,US-CA,United States,us,,NA,NA,NA,NA,NA,NA,NA,NA,NA,NA,NA,NA,NA,NA,NA,NA,NA,NA,NA,NA
33.9056,-118.0818,"13825, Arlee Avenue, Norwalk, Los Angeles County, California, 90650, United States",335143070,"Data © OpenStreetMap contributors, ODbL 1.0. http://osm.org/copyright",way,13459639,33.90582249636008,-118.08150797710795,place,house,30,9.999999994736442e-8,place,,Los Angeles County,California,US-CA,United States,us,,Arlee Avenue,NA,NA,90650,NA,NA,13825,Norwalk,NA,NA,NA,NA,NA,NA,NA,NA,NA,NA,NA,NA
40.6267,-96.7456,"1569, 3rd Street, Sprague, Lancaster County, Nebraska, 68438, United States",354994182,"Data © OpenStreetMap contributors, ODbL 1.0. http://osm.org/copyright",way,14140561,40.62684555102041,-96.7455993877551,place,house,30,9.999999994736442e-8,place,,Lancaster County,Nebraska,US-NE,United States,us,,3rd Street,NA,NA,68438,NA,Sprague,1569,NA,NA,NA,NA,NA,NA,NA,NA,NA,NA,NA,NA,NA
38.6865,-121.3494,"4954, Andrea Boulevard, Sacramento County, California, 95842, United States",350793944,"Data © OpenStreetMap contributors, ODbL 1.0. http://osm.org/copyright",way,617672286,38.68659402288311,-121.34940362488905,place,house,30,9.999999994736442e-8,place,,Sacramento County,California,US-CA,United States,us,,Andrea Boulevard,NA,NA,95842,NA,NA,4954,NA,NA,NA,NA,NA,NA,NA,NA,NA,NA,NA,NA,NA
35.7206,-108.0271,"Eastern Navajo Agency / Tʼiistsʼóóz Ńdeeshgizh Bił Hahoodzo biyiʼdi, McKinley County, New Mexico, United States",317985450,"Data © OpenStreetMap contributors, ODbL 1.0. http://osm.org/copyright",relation,13694685,35.37357015,-108.84121575893437,boundary,administrative,14,0.40001,municipality,Eastern Navajo Agency / Tʼiistsʼóóz Ńdeeshgizh Bił Hahoodzo biyiʼdi,McKinley County,New Mexico,US-NM,United States,us,,NA,NA,NA,NA,NA,NA,NA,NA,NA,NA,NA,NA,NA,NA,NA,NA,Eastern Navajo Agency / Tʼiistsʼóóz Ńdeeshgizh Bił Hahoodzo biyiʼdi,NA,NA,NA
34.1092,-117.7183,"Via Los Altos, Claremont, Los Angeles County, California, 91711, United States",309044878,"Data © OpenStreetMap contributors, ODbL 1.0. http://osm.org/copyright",way,470288362,34.1097327,-117.71771671989444,man_made,works,30,9.99999999995449e-6,man_made,,Los Angeles County,California,US-CA,United States,us,,Via Los Altos,Claremont,NA,91711,NA,NA,NA,NA,NA,NA,NA,NA,NA,NA,NA,NA,NA,NA,NA,NA
40.201,-98.0684,"451, South Wheeler Street, Nelson, Nuckolls County, Nebraska, 68961, United States",338664319,"Data © OpenStreetMap contributors, ODbL 1.0. http://osm.org/copyright",way,14172902,40.20099297959184,-98.06860826530612,place,house,30,9.999999994736442e-8,place,,Nuckolls County,Nebraska,US-NE,United States,us,,South Wheeler Street,Nelson,NA,68961,NA,NA,451,NA,NA,NA,NA,NA,NA,NA,NA,NA,NA,NA,NA,NA
40.1959,-92.4333,"Seven Hills Way, Adair County, Missouri, 63533, United States",28355349,"Data © OpenStreetMap contributors, ODbL 1.0. http://osm.org/copyright",way,18302106,40.19791688943291,-92.43309665450182,highway,residential,26,0.10000999999999993,road,Seven Hills Way,Adair County,Missouri,US-MO,United States,us,,Seven Hills Way,NA,NA,63533,NA,NA,NA,NA,NA,NA,NA,NA,NA,NA,NA,NA,NA,NA,NA,NA
47.2271,-117.0819,"Palouse to Cascades State Park Trail, Tekoa, Whitman County, Washington, 99033, United States",314705098,"Data © OpenStreetMap contributors, ODbL 1.0. http://osm.org/copyright",way,101305499,47.22597279790489,-117.08132280757866,highway,cycleway,27,0.07500999999999991,road,Palouse to Cascades State Park Trail,Whitman County,Washington,US-WA,United States,us,,Palouse to Cascades State Park Trail,NA,NA,99033,NA,Tekoa,NA,NA,NA,NA,NA,NA,NA,NA,NA,NA,NA,NA,NA,NA
39.4584,-106.3851,"Homestake Road, Eagle County, Colorado, 81649, United States",317558413,"Data © OpenStreetMap contributors, ODbL 1.0. http://osm.org/copyright",way,17042634,39.45631828100888,-106.3828789564724,highway,unclassified,26,0.10000999999999993,road,Homestake Road,Eagle County,Colorado,US-CO,United States,us,,Homestake Road,NA,NA,81649,NA,NA,NA,NA,NA,NA,NA,NA,NA,NA,NA,NA,NA,NA,NA,NA
41.2064,-95.9953,"5091, South 52nd Street, Omaha, Douglas County, Nebraska, 68117, United States",333449424,"Data © OpenStreetMap contributors, ODbL 1.0. http://osm.org/copyright",way,189471851,41.206451888888886,-95.99597433333334,place,house,30,9.999999994736442e-8,place,,Douglas County,Nebraska,US-NE,United States,us,,South 52nd Street,NA,NA,68117,NA,NA,5091,Omaha,NA,NA,NA,NA,NA,NA,NA,NA,NA,NA,NA,NA
38.4305,-90.387,"1701, Maxville Lane, Maxville, Arnold, Arnold Township, Jefferson County, Missouri, 63010, United States",343646509,"Data © OpenStreetMap contributors, ODbL 1.0. http://osm.org/copyright",way,18530665,38.430479,-90.386999,place,house,30,9.999999994736442e-8,place,,Jefferson County,Missouri,US-MO,United States,us,,Maxville Lane,Arnold,NA,63010,NA,NA,1701,NA,NA,NA,NA,Maxville,NA,NA,NA,NA,Arnold Township,NA,NA,NA
38.9829,-93.9757,"Odessa Upper Elementary School, Cox School Road, Burton Road, Lafayette County, Missouri, 64076, United States",322670763,"Data © OpenStreetMap contributors, ODbL 1.0. http://osm.org/copyright",way,1160061162,38.984285,-93.97417625355124,amenity,school,30,9.99999999995449e-6,amenity,Odessa Upper Elementary School,Lafayette County,Missouri,US-MO,United States,us,,Cox School Road,NA,NA,64076,NA,NA,NA,Burton Road,NA,NA,Odessa Upper Elementary School,NA,NA,NA,NA,NA,NA,NA,NA,NA
40.8874,-111.9027,"South 800 West, Woods Cross Refinery, West Bountiful, Davis County, Utah, 84087, United States",315826336,"Data © OpenStreetMap contributors, ODbL 1.0. http://osm.org/copyright",way,10095523,40.8873850447006,-111.90202741847361,highway,tertiary,26,0.10000999999999993,road,South 800 West,Davis County,Utah,US-UT,United States,us,,South 800 West,NA,NA,84087,NA,West Bountiful,NA,NA,NA,NA,NA,NA,NA,NA,NA,NA,NA,Woods Cross Refinery,NA,NA
39.8854,-105.1139,"10427, Moore Court, Walnut Grove, Westminster, Jefferson County, Colorado, 80021, United States",352549610,"Data © OpenStreetMap contributors, ODbL 1.0. http://osm.org/copyright",way,17080703,39.88503951521782,-105.11381587355447,place,house,30,9.999999994736442e-8,place,,Jefferson County,Colorado,US-CO,United States,us,,Moore Court,NA,NA,80021,NA,NA,10427,Westminster,Walnut Grove,NA,NA,NA,NA,NA,NA,NA,NA,NA,NA,NA
40.4815,-92.9951,"901, North 10th Street, Unionville, Putnam County, Missouri, 63565, United States",332030267,"Data © OpenStreetMap contributors, ODbL 1.0. http://osm.org/copyright",way,18668065,40.481769,-92.99568,place,house,30,9.999999994736442e-8,place,,Putnam County,Missouri,US-MO,United States,us,,North 10th Street,Unionville,NA,63565,NA,NA,901,NA,NA,NA,NA,NA,NA,NA,NA,NA,NA,NA,NA,NA
42.277,-97.1926,"169, Broadway Street, Carroll, Wayne County, Nebraska, 68723, United States",340716890,"Data © OpenStreetMap contributors, ODbL 1.0. http://osm.org/copyright",way,14275091,42.276957714285714,-97.19260906122449,place,house,30,9.999999994736442e-8,place,,Wayne County,Nebraska,US-NE,United States,us,,Broadway Street,NA,NA,68723,NA,Carroll,169,NA,NA,NA,NA,NA,NA,NA,NA,NA,NA,NA,NA,NA
40.9207,-96.168,"Elm Street, Manley, Cass County, Nebraska, 68403, United States",316511897,"Data © OpenStreetMap contributors, ODbL 1.0. http://osm.org/copyright",way,892468847,40.9207078,-96.16826952098691,leisure,pitch,30,9.99999999995449e-6,leisure,,Cass County,Nebraska,US-NE,United States,us,,Elm Street,NA,NA,68403,NA,Manley,NA,NA,NA,NA,NA,NA,NA,NA,NA,NA,NA,NA,NA,NA
36.7154,-89.6287,"County Road 621, New Madrid County, Missouri, United States",323681110,"Data © OpenStreetMap contributors, ODbL 1.0. http://osm.org/copyright",way,18606597,36.71539677508344,-89.6288592953631,highway,residential,26,0.10000999999999993,road,County Road 621,New Madrid County,Missouri,US-MO,United States,us,,County Road 621,NA,NA,NA,NA,NA,NA,NA,NA,NA,NA,NA,NA,NA,NA,NA,NA,NA,NA,NA
38.6547,-92.8929,"1535, Lewis Drive, Morgan County, Missouri, 65354, United States",334036798,"Data © OpenStreetMap contributors, ODbL 1.0. http://osm.org/copyright",way,18598754,38.655382409496525,-92.89289134672657,place,house,30,9.999999994736442e-8,place,,Morgan County,Missouri,US-MO,United States,us,,Lewis Drive,NA,NA,65354,NA,NA,1535,NA,NA,NA,NA,NA,NA,NA,NA,NA,NA,NA,NA,NA
33.3305,-105.6933,"312, Flume Canyon Drive, Ruidoso, Lincoln County, New Mexico, 88345, United States",352652308,"Data © OpenStreetMap contributors, ODbL 1.0. http://osm.org/copyright",way,14517303,33.32988750185982,-105.69321992796843,place,house,30,9.999999994736442e-8,place,,Lincoln County,New Mexico,US-NM,United States,us,,Flume Canyon Drive,Ruidoso,NA,88345,NA,NA,312,NA,NA,NA,NA,NA,NA,NA,NA,NA,NA,NA,NA,NA
41.6964,-96.9858,"Road 15, Colfax County, Nebraska, United States",316440632,"Data © OpenStreetMap contributors, ODbL 1.0. http://osm.org/copyright",way,14051201,41.696398961483965,-96.98331223483136,highway,unclassified,26,0.10000999999999993,road,Road 15,Colfax County,Nebraska,US-NE,United States,us,,Road 15,NA,NA,NA,NA,NA,NA,NA,NA,NA,NA,NA,NA,NA,NA,NA,NA,NA,NA,NA
46.7531,-121.9898,"National Park Highway, Ashford, Pierce County, Washington, 98330, United States",313444594,"Data © OpenStreetMap contributors, ODbL 1.0. http://osm.org/copyright",way,371456532,46.75721564499321,-121.98988196497666,highway,primary,26,0.10000999999999993,road,National Park Highway,Pierce County,Washington,US-WA,United States,us,,National Park Highway,NA,NA,98330,NA,Ashford,NA,NA,NA,NA,NA,NA,NA,NA,NA,NA,NA,NA,NA,NA
65.6899,-156.292,"Huslia, Unorganized Borough, Alaska, 99746, United States",375157981,"Data © OpenStreetMap contributors, ODbL 1.0. http://osm.org/copyright",relation,16770694,65.698446,-156.33060521546417,boundary,administrative,16,0.3922748605526186,city,Huslia,Unorganized Borough,Alaska,US-AK,United States,us,,NA,NA,NA,99746,NA,NA,NA,Huslia,NA,NA,NA,NA,NA,NA,NA,NA,NA,NA,NA,NA
38.046,-122.1866,"Prospect Avenue, Port Costa, Contra Costa County, California, 94569, United States",310322751,"Data © OpenStreetMap contributors, ODbL 1.0. http://osm.org/copyright",way,466537961,38.0456949,-122.1864039,highway,residential,26,0.10000999999999993,road,Prospect Avenue,Contra Costa County,California,US-CA,United States,us,,Prospect Avenue,NA,Port Costa,94569,NA,NA,NA,NA,NA,NA,NA,NA,NA,NA,NA,NA,NA,NA,NA,NA
39.6171,-102.4776,"County Road T, Yuma County, Colorado, United States",316903635,"Data © OpenStreetMap contributors, ODbL 1.0. http://osm.org/copyright",way,17159660,39.61706919663027,-102.47885439249853,highway,unclassified,26,0.10000999999999993,road,County Road T,Yuma County,Colorado,US-CO,United States,us,,County Road T,NA,NA,NA,NA,NA,NA,NA,NA,NA,NA,NA,NA,NA,NA,NA,NA,NA,NA,NA
47.4852,-120.4158,"3762, Warehouse Road, Monitor, Chelan County, Washington, 98836, United States",313428893,"Data © OpenStreetMap contributors, ODbL 1.0. http://osm.org/copyright",node,6331246723,47.4844837,-120.415329,building,yes,30,9.99999999995449e-6,building,,Chelan County,Washington,US-WA,United States,us,,Warehouse Road,NA,Monitor,98836,NA,NA,3762,NA,NA,NA,NA,NA,NA,NA,NA,NA,NA,NA,NA,NA
38.8874,-91.7689,"9237, State Road AB, Callaway County, Missouri, 63388, United States",354825118,"Data © OpenStreetMap contributors, ODbL 1.0. http://osm.org/copyright",way,18381120,38.88658465170884,-91.76891961903172,place,house,30,9.999999994736442e-8,place,,Callaway County,Missouri,US-MO,United States,us,,State Road AB,NA,NA,63388,NA,NA,9237,NA,NA,NA,NA,NA,NA,NA,NA,NA,NA,NA,NA,NA
39.6662,-104.835,"2806, South Wheeling Way, Heather Ridge South, Aurora, Arapahoe County, Colorado, 80014, United States",97482695,"Data © OpenStreetMap contributors, ODbL 1.0. http://osm.org/copyright",way,560435054,39.66599793333333,-104.835047,place,house,30,9.999999994736442e-8,place,,Arapahoe County,Colorado,US-CO,United States,us,,South Wheeling Way,NA,NA,80014,NA,NA,2806,Aurora,Heather Ridge South,NA,NA,NA,NA,NA,NA,NA,NA,NA,NA,NA
39.3465,-90.9362,"County Road 235, Pike County, Missouri, 63336, United States",323335949,"Data © OpenStreetMap contributors, ODbL 1.0. http://osm.org/copyright",way,18657302,39.34428052850049,-90.93531143536121,highway,residential,26,0.10000999999999993,road,County Road 235,Pike County,Missouri,US-MO,United States,us,,County Road 235,NA,NA,63336,NA,NA,NA,NA,NA,NA,NA,NA,NA,NA,NA,NA,NA,NA,NA,NA
44.9897,-122.6187,"Crooked Finger Road Northeast, Scotts Mills, Marion County, Oregon, 97375, United States",314392928,"Data © OpenStreetMap contributors, ODbL 1.0. http://osm.org/copyright",way,5506864,44.98937844823539,-122.62053550647717,highway,tertiary,26,0.10000999999999993,road,Crooked Finger Road Northeast,Marion County,Oregon,US-OR,United States,us,,Crooked Finger Road Northeast,NA,NA,97375,NA,Scotts Mills,NA,NA,NA,NA,NA,NA,NA,NA,NA,NA,NA,NA,NA,NA
40.3406,-120.2824,"Honey Lake State Wildlife Area (Flemming Unit), Fish and Game Road, Lassen County, California, United States",312265378,"Data © OpenStreetMap contributors, ODbL 1.0. http://osm.org/copyright",way,422748868,40.33961385,-120.27959544902892,leisure,nature_reserve,30,9.99999999995449e-6,leisure,Honey Lake State Wildlife Area (Flemming Unit),Lassen County,California,US-CA,United States,us,,Fish and Game Road,NA,NA,NA,NA,NA,NA,NA,NA,NA,NA,NA,NA,NA,NA,Honey Lake State Wildlife Area (Flemming Unit),NA,NA,NA,NA
32.274,-104.0914,"South 4th Street, Loving, Eddy County, New Mexico, 88256, United States",319126396,"Data © OpenStreetMap contributors, ODbL 1.0. http://osm.org/copyright",way,14531142,32.27411119767561,-104.09597480595257,highway,residential,26,0.10000999999999993,road,South 4th Street,Eddy County,New Mexico,US-NM,United States,us,,South 4th Street,NA,NA,88256,NA,Loving,NA,NA,NA,NA,NA,NA,NA,NA,NA,NA,NA,NA,NA,NA
34.0443,-118.2509,"Stay on Main, 640, South Main Street, Gallery Row, Downtown, Los Angeles, Los Angeles County, California, 90014, United States",309226792,"Data © OpenStreetMap contributors, ODbL 1.0. http://osm.org/copyright",way,428017457,34.044204,-118.25056865833164,tourism,hotel,30,0.27935498215754134,tourism,Stay on Main,Los Angeles County,California,US-CA,United States,us,,South Main Street,NA,NA,90014,Downtown,NA,640,Los Angeles,NA,NA,NA,Gallery Row,NA,NA,NA,NA,NA,NA,Stay on Main,NA
45.6892,-122.6616,"Northeast Hazel Dell Plaza, Northeast Hazel Dell, Hazel Dell, Clark County, Washington, 98665, United States",313599903,"Data © OpenStreetMap contributors, ODbL 1.0. http://osm.org/copyright",way,365783779,45.68857465,-122.66211114948416,amenity,parking,30,9.99999999995449e-6,amenity,,Clark County,Washington,US-WA,United States,us,,Northeast Hazel Dell Plaza,NA,NA,98665,Hazel Dell,NA,NA,NA,NA,NA,NA,NA,NA,NA,NA,NA,NA,NA,NA,Northeast Hazel Dell
47.9657,-116.868,"Moose Inn, 6th Avenue, Spirit Lake, Kootenai County, Idaho, 83869, United States",314747974,"Data © OpenStreetMap contributors, ODbL 1.0. http://osm.org/copyright",relation,15749436,47.9654134,-116.86782145,tourism,motel,30,9.99999999995449e-6,tourism,Moose Inn,Kootenai County,Idaho,US-ID,United States,us,,6th Avenue,NA,NA,83869,NA,Spirit Lake,NA,NA,NA,NA,NA,NA,NA,NA,NA,NA,NA,NA,Moose Inn,NA
32.7185,-117.1593,"1265, 6th Avenue, Core-Columbia, Banker's Hill, San Diego, San Diego County, California, 92101, United States",307748454,"Data © OpenStreetMap contributors, ODbL 1.0. http://osm.org/copyright",node,597086922,32.718568,-117.158823,place,house,30,9.99999999995449e-6,place,,San Diego County,California,US-CA,United States,us,,6th Avenue,NA,NA,92101,Banker's Hill,NA,1265,San Diego,NA,NA,NA,Core-Columbia,NA,NA,NA,NA,NA,NA,NA,NA
38.3847,-121.9887,"Vacaville, Solano County, California, 95688, United States",310367043,"Data © OpenStreetMap contributors, ODbL 1.0. http://osm.org/copyright",way,8708091,38.3866247,-121.9872944,highway,residential,26,0.10000999999999993,road,,Solano County,California,US-CA,United States,us,,NA,NA,NA,95688,NA,NA,NA,Vacaville,NA,NA,NA,NA,NA,NA,NA,NA,NA,NA,NA,NA
45.3304,-118.0852,"1699, T Avenue, La Grande, Union County, Oregon, 97850, United States",357472776,"Data © OpenStreetMap contributors, ODbL 1.0. http://osm.org/copyright",way,5100857,45.330546,-118.085817,place,house,30,9.999999994736442e-8,place,,Union County,Oregon,US-OR,United States,us,,T Avenue,La Grande,NA,97850,NA,NA,1699,NA,NA,NA,NA,NA,NA,NA,NA,NA,NA,NA,NA,NA
40.0456,-97.4735,"6798, Road D, Thayer County, Nebraska, 68375, United States",347851806,"Data © OpenStreetMap contributors, ODbL 1.0. http://osm.org/copyright",way,668823671,40.045528,-97.474456,place,house,30,9.999999994736442e-8,place,,Thayer County,Nebraska,US-NE,United States,us,,Road D,NA,NA,68375,NA,NA,6798,NA,NA,NA,NA,NA,NA,NA,NA,NA,NA,NA,NA,NA
33.4317,-111.8469,"909, North Revere, Mesa, Maricopa County, Arizona, 85201, United States",318586869,"Data © OpenStreetMap contributors, ODbL 1.0. http://osm.org/copyright",node,11011263337,33.4315308,-111.847,place,house,30,9.99999999995449e-6,place,,Maricopa County,Arizona,US-AZ,United States,us,,North Revere,NA,NA,85201,NA,NA,909,Mesa,NA,NA,NA,NA,NA,NA,NA,NA,NA,NA,NA,NA
66.6933,-153.994,"Unorganized Borough, Alaska, United States",173210847,"Data © OpenStreetMap contributors, ODbL 1.0. http://osm.org/copyright",relation,7939736,63.417431050000005,-157.6718650484568,boundary,administrative,12,0.4535816486498442,county,Unorganized Borough,Unorganized Borough,Alaska,US-AK,United States,us,,NA,NA,NA,NA,NA,NA,NA,NA,NA,NA,NA,NA,NA,NA,NA,NA,NA,NA,NA,NA
48.0379,-118.9419,"Seatons Grove, Okanogan County, Washington, 99124, United States",31469924,"Data © OpenStreetMap contributors, ODbL 1.0. http://osm.org/copyright",node,150962394,48.0237649,-118.9511327,place,hamlet,20,0.25000999999999995,hamlet,Seatons Grove,Okanogan County,Washington,US-WA,United States,us,,NA,NA,Seatons Grove,99124,NA,NA,NA,NA,NA,NA,NA,NA,NA,NA,NA,NA,NA,NA,NA,NA
39.7656,-104.7069,"Denali Street, Aurora, Adams County, Colorado, 80019, United States",365635730,"Data © OpenStreetMap contributors, ODbL 1.0. http://osm.org/copyright",way,1134941564,39.765545819224144,-104.70698656152403,highway,construction,26,0.10000999999999993,road,Denali Street,Adams County,Colorado,US-CO,United States,us,,Denali Street,NA,NA,80019,NA,NA,NA,Aurora,NA,NA,NA,NA,NA,NA,NA,NA,NA,NA,NA,NA
33.9581,-118.1174,"9332, Stoakes Avenue, Downey, Los Angeles County, California, 90240, United States",335036367,"Data © OpenStreetMap contributors, ODbL 1.0. http://osm.org/copyright",way,13452418,33.95813614850874,-118.11742965438717,place,house,30,9.999999994736442e-8,place,,Los Angeles County,California,US-CA,United States,us,,Stoakes Avenue,NA,NA,90240,NA,NA,9332,Downey,NA,NA,NA,NA,NA,NA,NA,NA,NA,NA,NA,NA
36.9766,-90.2848,"Kay Drive, Wayne County, Missouri, United States",323620909,"Data © OpenStreetMap contributors, ODbL 1.0. http://osm.org/copyright",way,18782691,36.975909,-90.283808,highway,residential,26,0.10000999999999993,road,Kay Drive,Wayne County,Missouri,US-MO,United States,us,,Kay Drive,NA,NA,NA,NA,NA,NA,NA,NA,NA,NA,NA,NA,NA,NA,NA,NA,NA,NA,NA
47.6633,-122.3022,"Burke-Gilman Trail, University Park, University District, Seattle, King County, Washington, 98105, United States",312855834,"Data © OpenStreetMap contributors, ODbL 1.0. http://osm.org/copyright",way,1187066312,47.663321749999994,-122.30236737724204,leisure,pitch,30,9.99999999995449e-6,leisure,,King County,Washington,US-WA,United States,us,,Burke-Gilman Trail,NA,NA,98105,University District,NA,NA,Seattle,NA,NA,NA,University Park,NA,NA,NA,NA,NA,NA,NA,NA
38.7859,-94.244,"East Broadway Street, Pleasant Hill, Cass County, Missouri, 64080, United States",322201200,"Data © OpenStreetMap contributors, ODbL 1.0. http://osm.org/copyright",way,18389249,38.783653874425625,-94.24402938802213,highway,residential,26,0.10000999999999993,road,East Broadway Street,Cass County,Missouri,US-MO,United States,us,,East Broadway Street,Pleasant Hill,NA,64080,NA,NA,NA,NA,NA,NA,NA,NA,NA,NA,NA,NA,NA,NA,NA,NA
34.6209,-120.1922,"Central Avenue, Buellton, Santa Barbara County, California, 93427, United States",305818703,"Data © OpenStreetMap contributors, ODbL 1.0. http://osm.org/copyright",way,16261053,34.619897146079595,-120.19078394010337,highway,tertiary,26,0.10000999999999993,road,Central Avenue,Santa Barbara County,California,US-CA,United States,us,,Central Avenue,NA,NA,93427,NA,Buellton,NA,NA,NA,NA,NA,NA,NA,NA,NA,NA,NA,NA,NA,NA
38.5769,-122.4477,"Circle Drive, Angwin, Napa County, California, 94508, United States",310023622,"Data © OpenStreetMap contributors, ODbL 1.0. http://osm.org/copyright",way,7702347,38.576646,-122.447805,highway,service,27,0.07500999999999991,road,Circle Drive,Napa County,California,US-CA,United States,us,,Circle Drive,NA,NA,94508,NA,Angwin,NA,NA,NA,NA,NA,NA,NA,NA,NA,NA,NA,NA,NA,NA
36.741,-108.351,"4245, US 64, Kirtland CDP, San Juan County, New Mexico, 87417, United States",339699029,"Data © OpenStreetMap contributors, ODbL 1.0. http://osm.org/copyright",way,911258578,36.7409471939739,-108.35109783124439,place,house,30,9.999999994736442e-8,place,,San Juan County,New Mexico,US-NM,United States,us,,US 64,NA,NA,87417,NA,Kirtland CDP,4245,NA,NA,NA,NA,NA,NA,NA,NA,NA,NA,NA,NA,NA
36.5276,-93.9359,"Superstop, Missouri Route 112, Seligman, Barry County, Missouri, 65745, United States",322123144,"Data © OpenStreetMap contributors, ODbL 1.0. http://osm.org/copyright",way,1060133750,36.52762725,-93.93594882975489,amenity,fuel,30,9.99999999995449e-6,amenity,Superstop,Barry County,Missouri,US-MO,United States,us,,Missouri Route 112,NA,NA,65745,NA,Seligman,NA,NA,NA,NA,Superstop,NA,NA,NA,NA,NA,NA,NA,NA,NA
47.5412,-122.275,"6808, 46th Avenue South, Brighton, Rainier Valley, Seattle, King County, Washington, 98118, United States",312986036,"Data © OpenStreetMap contributors, ODbL 1.0. http://osm.org/copyright",way,228302551,47.5412395,-122.27508026174101,building,yes,30,9.99999999995449e-6,building,,King County,Washington,US-WA,United States,us,,46th Avenue South,NA,NA,98118,Rainier Valley,NA,6808,Seattle,NA,NA,NA,Brighton,NA,NA,NA,NA,NA,NA,NA,NA
55.4732,-133.1171,"Sunnahae Mountain Trail, Craig, Unorganized Borough, Alaska, 99921, United States",32648214,"Data © OpenStreetMap contributors, ODbL 1.0. http://osm.org/copyright",way,841103707,55.473473756945,-133.11693536025982,highway,path,27,0.07500999999999991,road,Sunnahae Mountain Trail,Unorganized Borough,Alaska,US-AK,United States,us,,Sunnahae Mountain Trail,NA,NA,99921,NA,Craig,NA,NA,NA,NA,NA,NA,NA,NA,NA,NA,NA,NA,NA,NA
